“Fründ, Hans”,“1436–1460er”,“Schwyz/Eidgenössisch”,“Amtliche Akten, eigene Teilnahme”,”—”,“Bernische Chronistik; Tschachtlan/Schilling; 19. Jh. Deutung”
“Klingenberger Chronik (Eberhard Wüest zugeschr.)”,“bis 11/1444”,“Zürich/Österreich-nah, nüchtern”,“Zuverlässige Datierungen/Ortsangaben”,”—”,“Brennwald; Vadian; Tschudi”
“Zürcher Stadtchronik (anonym)”,“ca. 1450, ab 1443”,“Zürich”,“Amtliche Berichte, Zeugnisse, Parteivorträge”,”—”,“Tschudi”
“Hemmerli, Felix: De nobilitate et rusticitate”,“nach 1444”,“Adel-/Stände-Apologie, anti-Schwyz”,“Juristische/gelehrte Tradition”,”—”,“Stumpf zitiert; 18. Jh. Editionen”
“Gebhard Dacher (Konstanz)”,“um 1470”,“Zürich-freundlich, aussenstehend”,“Reichsstädtische Perspektive”,”—”,”—”
“Basler Fortsetzung Königshofen (anon.)”,“1450er”,“Reichsstädtisch, kritisch gg. Friedrich III.”,”—”,”—”,”—”
“Erhard von Appenwiler (Basel)”,“1440er–1460er”,“Basel-Sicht”,“Zeitnahe Notate”,”—”,”—”
“Strassburger Fortsetzung Königshofen (anon.)”,“um 1470”,“Adels-/Österreich-kritisch”,“Elsässische Erfahrung Armagnaken”,”—”,”—”
“Enea Silvio Piccolomini”,“1443–1444”,“Hof/imperial, europaweite Rahmung”,“Konzils-/Kanzleiakten”,”—”,“Simler; Thermopylen-Topos”
“Tschachtlan, Bendicht (Bern)”,“bis 1470/71”,“Bernisch, fründ-nah”,“Justinger; Fründ”,”—”,“Schilling; Berner Kanon”
“Diebold Schilling (Bern)”,“1480er”,“Amtlich, Tschachtlan-basiert”,“Tschachtlan”,”—”,“Bern-Tradition”
“Valerius Anshelm (Bern)”,“ab 1529”,“Kurzüberblick, bernisch”,”—”,“Zeitkonflikte”,”—”
“Edlibach, Gerold (Zürich)”,“1480er”,“Eidgenössisch mit Zürich-Würdigung”,“Zürcher Akten”,”—”,“Brennwald; Stumpf; Zürcher Stimme”
“Etterlin, Petermann”,“1507”,“Gesamt-eidgenössisch, Bruderkrieg”,“Kompilation”,”—”,“Früher Druckrahmen”
“Brennwald, Heinrich”,“ca. 1510”,“Eidgenössisch, Helvetier-Narrativ”,“Klingenberger; Edlibach”,“Etterlin”,“Stumpf; späterer Konsens”
“Stumpf, Johannes”,“1540er–1548 (Druck)”,“Zürcher Fokus, versöhnend im Druck”,“Edlibach; Hemmerli; Bullinger-Epitome”,“Brennwald; Bullinger”,“Zweihundert Jahre Standarddruck”
“Bullinger, Heinrich”,“1540er Epitome; 1568/1572–74 Werke”,“Zürcher Materialsammler, moderierend”,“Zürcher Akten; Stumpf-Vorlage; Fründ-Abschrift bekannt”,“Reformationserfahrung”,“Stumpf-Drucktext; Zürcher Tradition”
“Vadian (Joachim von Watt)”,“um 1530”,“Aussenstehend, klingenberger-nah”,“Klingenberger-Kopie”,”—”,”—”
“Tschudi, Aegidius”,“1550er; gedruckt 1734–36”,“Altgläubig, Gegenstück zu Zürichern, breit dokumentiert”,“Klingenberger; Zürcher Stadtchronik; Gegenpartei-Akten”,“Fründ-Hegemonie als Gegenreiz”,“Johannes von Müller; 18./19. Jh.”
“Simler, Josias”,“1576”,“Versöhnend, österreich-schuldzentriert”,“Piccolomini-Topos”,“Bullinger-Zeitgeist”,”—”
“Stettler, Michael (Bern)”,“1627”,“Vermittelnd, reformiert-orthodox”,“Justinger; Schilling; Anshelm; Berner Archiv”,“Fründ-Linie”,”—”
“Lauffer, Jakob”,“1737–39”,“Gesamtschweiz, Zürich-Tradition einbezogen”,“Quellenpublikationen (Orell); Hemmerli-Abdruck”,“Aufbruch 18. Jh.”,”—”
“Johannes von Müller”,“1795/1805”,“Nationalliberal-präfigurierend, Tschudi-nah”,“Tschudi; viele Quellen”,“Tschudi”,“19. Jh. Standardbild (Dändliker, Oechsli, Dierauer)”