pdf_file;canonical;kind;page;in_bib;pattern;context;weight
/Users/programming/PycharmProjects/Find_Bibliography_NEw/data/test/landolt-oliver__30.pdf;Oliver Landolt: Kriegsgefallenenlisten – erläutert am Beispiel der Schlachtjahrzeiten in den eidgenössischen Orten;work;3;0;(?i)Landolt.*Kriegsgefallenenlisten;Oliver Landolt: Kriegsgefallenenlisten 163 auch in anderen Regionen Europas und ebenso zu verschiedenen Zeiten ermitteln lässt.11 Insbesonde;1.0
/Users/programming/PycharmProjects/Find_Bibliography_NEw/data/test/landolt-oliver__30.pdf;Oliver Landolt: Kriegsgefallenenlisten – erläutert am Beispiel der Schlachtjahrzeiten in den eidgenössischen Orten;work;3;0;(?i)Landolt.*Kriegsgefallenenlisten;Oliver Landolt: Kriegsgefallenenlisten 163 auch in anderen Regionen Europas und ebenso zu verschiedenen Zeiten ermitteln lässt.11 Insbesonde;1.0
/Users/programming/PycharmProjects/Find_Bibliography_NEw/data/test/landolt-oliver__30.pdf;Oliver Landolt: Kriegsgefallenenlisten – erläutert am Beispiel der Schlachtjahrzeiten in den eidgenössischen Orten;work;5;0;(?i)Landolt.*Kriegsgefallenenlisten;Oliver Landolt: Kriegsgefallenenlisten 165 heute nicht mehr erhaltenen Jahrzeitbüchern, die in die neuen Bücher – manchmal nicht ohne Fehler;1.0
/Users/programming/PycharmProjects/Find_Bibliography_NEw/data/test/landolt-oliver__30.pdf;Oliver Landolt: Kriegsgefallenenlisten – erläutert am Beispiel der Schlachtjahrzeiten in den eidgenössischen Orten;work;5;0;(?i)Landolt.*Kriegsgefallenenlisten;Oliver Landolt: Kriegsgefallenenlisten 165 heute nicht mehr erhaltenen Jahrzeitbüchern, die in die neuen Bücher – manchmal nicht ohne Fehler;1.0
/Users/programming/PycharmProjects/Find_Bibliography_NEw/data/test/landolt-oliver__30.pdf;Oliver Landolt: Kriegsgefallenenlisten – erläutert am Beispiel der Schlachtjahrzeiten in den eidgenössischen Orten;work;7;0;(?i)Landolt.*Kriegsgefallenenlisten;Oliver Landolt: Kriegsgefallenenlisten 167 1443 bei Freienbach.35 Zumindest summarisch notierte Fründ auch die Namen der prominenten Gefalle;1.0
/Users/programming/PycharmProjects/Find_Bibliography_NEw/data/test/landolt-oliver__30.pdf;Oliver Landolt: Kriegsgefallenenlisten – erläutert am Beispiel der Schlachtjahrzeiten in den eidgenössischen Orten;work;7;0;(?i)Landolt.*Kriegsgefallenenlisten;Oliver Landolt: Kriegsgefallenenlisten 167 1443 bei Freienbach.35 Zumindest summarisch notierte Fründ auch die Namen der prominenten Gefalle;1.0
/Users/programming/PycharmProjects/Find_Bibliography_NEw/data/test/landolt-oliver__30.pdf;Oliver Landolt: Kriegsgefallenenlisten – erläutert am Beispiel der Schlachtjahrzeiten in den eidgenössischen Orten;work;9;0;(?i)Landolt.*Kriegsgefallenenlisten;Oliver Landolt: Kriegsgefallenenlisten 169 Sempach erstmals im sogenannten »Halbsuterlied«, aufgenommen in die zwischen 1532 und 1536 entsta;1.0
/Users/programming/PycharmProjects/Find_Bibliography_NEw/data/test/landolt-oliver__30.pdf;Oliver Landolt: Kriegsgefallenenlisten – erläutert am Beispiel der Schlachtjahrzeiten in den eidgenössischen Orten;work;9;0;(?i)Landolt.*Kriegsgefallenenlisten;Oliver Landolt: Kriegsgefallenenlisten 169 Sempach erstmals im sogenannten »Halbsuterlied«, aufgenommen in die zwischen 1532 und 1536 entsta;1.0
/Users/programming/PycharmProjects/Find_Bibliography_NEw/data/test/landolt-oliver__30.pdf;Oliver Landolt: Kriegsgefallenenlisten – erläutert am Beispiel der Schlachtjahrzeiten in den eidgenössischen Orten;work;11;1;(?i)Landolt.*Kriegsgefallenenlisten;Oliver Landolt: Kriegsgefallenenlisten 171 Die Chronik des Hans Fründ,Landschreiber zu Schwytz,hg. v.Christian Immanuel Kind, Chur 1875. Hen;1.0
/Users/programming/PycharmProjects/Find_Bibliography_NEw/data/test/landolt-oliver__30.pdf;Oliver Landolt: Kriegsgefallenenlisten – erläutert am Beispiel der Schlachtjahrzeiten in den eidgenössischen Orten;work;11;1;(?i)Landolt.*Kriegsgefallenenlisten;Oliver Landolt: Kriegsgefallenenlisten 171 Die Chronik des Hans Fründ,Landschreiber zu Schwytz,hg. v.Christian Immanuel Kind, Chur 1875. Hen;1.0
/Users/programming/PycharmProjects/Find_Bibliography_NEw/data/test/landolt-oliver__30.pdf;Oliver Landolt: Das Alte Land Schwyz während des Alten Zürichkriegs;work;13;1;(?i)Landolt.*Z[uü]richkriegs;und Erinnerungen, Berlin 2004, S. 69–88. Landolt,Oliver:DasAlteLandSchwyzwährenddesAltenZürichkriegs,in:PeterNie- derhäuser/Christian Sieber;1.0
/Users/programming/PycharmProjects/Find_Bibliography_NEw/data/test/landolt-oliver__30.pdf;Oliver Landolt: Kriegsgefallenenlisten – erläutert am Beispiel der Schlachtjahrzeiten in den eidgenössischen Orten;work;13;1;(?i)Landolt.*Kriegsgefallenenlisten;Oliver Landolt: Kriegsgefallenenlisten 173 Koller, Heinrich: Die Schlacht bei Sempach im Bewusstsein Österreichs, in: Jahr- buch der Histori;1.0
/Users/programming/PycharmProjects/Find_Bibliography_NEw/data/test/landolt-oliver__30.pdf;Oliver Landolt: Das Alte Land Schwyz während des Alten Zürichkriegs;work;13;1;(?i)Landolt.*Z[uü]richkriegs;und Erinnerungen, Berlin 2004, S. 69–88. Landolt,Oliver:DasAlteLandSchwyzwährenddesAltenZürichkriegs,in:PeterNie- derhäuser/Christian Sieber;1.0
/Users/programming/PycharmProjects/Find_Bibliography_NEw/data/test/landolt-oliver__30.pdf;Oliver Landolt: Kriegsgefallenenlisten – erläutert am Beispiel der Schlachtjahrzeiten in den eidgenössischen Orten;work;13;1;(?i)Landolt.*Kriegsgefallenenlisten;Oliver Landolt: Kriegsgefallenenlisten 173 Koller, Heinrich: Die Schlacht bei Sempach im Bewusstsein Österreichs, in: Jahr- buch der Histori;1.0
/Users/programming/PycharmProjects/Find_Bibliography_NEw/data/test/jucker-michael__9.pdf;Michael Jucker: Verstetigung und Verrechtlichung der Diplomatie. Krieg als Innovationsfaktor für die Politik (1415–1460);work;2;0;(?i)Krieg.*Politik.*1415-1460;etigung und Verrechtlichung der Diplomatie Krieg als Innovationsfaktor für die Politik (1415-1460) Michael Jucker Einleitung Dass Krieg Verä;1.0
/Users/programming/PycharmProjects/Find_Bibliography_NEw/data/test/jucker-michael__9.pdf;Michael Jucker: Verstetigung und Verrechtlichung der Diplomatie. Krieg als Innovationsfaktor für die Politik (1415–1460);work;2;0;(?i)Krieg.*Politik.*1415-1460;etigung und Verrechtlichung der Diplomatie Krieg als Innovationsfaktor für die Politik (1415-1460) Michael Jucker Einleitung Dass Krieg Verä;1.0
/Users/programming/PycharmProjects/Find_Bibliography_NEw/data/test/Sources for the 1446 Confederate Campaign in the Old Zurich War (Speich, Heinrich).pdf;"Fritz Rigendinger: ""Ir hertz und sinn stuond fast gen Zürich"". Der Alte Zürichkrieg aus der regionalen Perspektive des Sarganserlands";work;2;0;(?i)Rigendinger.*Sarganserland;okalhistorische Per- spektive ist aufgearbeitet bei Rigendinger, Fritz: Das Sarganserland im Spätmittelalter. Lokale Herrschaften, die Graf;1.0
/Users/programming/PycharmProjects/Find_Bibliography_NEw/data/test/Sources for the 1446 Confederate Campaign in the Old Zurich War (Speich, Heinrich).pdf;"Fritz Rigendinger: ""Ir hertz und sinn stuond fast gen Zürich"". Der Alte Zürichkrieg aus der regionalen Perspektive des Sarganserlands";work;2;0;(?i)Rigendinger.*Sarganserland;okalhistorische Per- spektive ist aufgearbeitet bei Rigendinger, Fritz: Das Sarganserland im Spätmittelalter. Lokale Herrschaften, die Graf;1.0
/Users/programming/PycharmProjects/Find_Bibliography_NEw/data/test/Sources for the 1446 Confederate Campaign in the Old Zurich War (Speich, Heinrich).pdf;Christian Sieber: Politik, Verwaltung und Archiv: Aufstieg und Fall der „kaiserlichen“ Stadt Zürich zwischen 1430 und 1450 im Spiegel der Biographien von Bürgermeister Rudolf Stüssi und Stadtschreiber Michael Stebler;work;3;0;(?i)Sieber.*Politik.*Verwaltung.*Archiv;6 Zu Michael Graf auch genannt Stebler siehe Sieber, Christian: Politik, Verwaltung und Archiv. Aufstieg und Fall der „kaiserlichen“ Stadt;1.0
/Users/programming/PycharmProjects/Find_Bibliography_NEw/data/test/Sources for the 1446 Confederate Campaign in the Old Zurich War (Speich, Heinrich).pdf;Christian Sieber: Politik, Verwaltung und Archiv: Aufstieg und Fall der „kaiserlichen“ Stadt Zürich zwischen 1430 und 1450 im Spiegel der Biographien von Bürgermeister Rudolf Stüssi und Stadtschreiber Michael Stebler;work;3;0;(?i)Rudolf St[üu]ssi.*Michael Stebler;m Spiegel der Biographien von Bürgermei- ster Rudolf Stüssi und Stadtschreiber Michael Stebler. Zürcher Taschenbuch 127, 2007, S. 1–30. 7 S;1.0
/Users/programming/PycharmProjects/Find_Bibliography_NEw/data/test/Sources for the 1446 Confederate Campaign in the Old Zurich War (Speich, Heinrich).pdf;Christian Sieber: Politik, Verwaltung und Archiv: Aufstieg und Fall der „kaiserlichen“ Stadt Zürich zwischen 1430 und 1450 im Spiegel der Biographien von Bürgermeister Rudolf Stüssi und Stadtschreiber Michael Stebler;work;3;0;(?i)Sieber.*Politik.*Verwaltung.*Archiv;6 Zu Michael Graf auch genannt Stebler siehe Sieber, Christian: Politik, Verwaltung und Archiv. Aufstieg und Fall der „kaiserlichen“ Stadt;1.0
/Users/programming/PycharmProjects/Find_Bibliography_NEw/data/test/Sources for the 1446 Confederate Campaign in the Old Zurich War (Speich, Heinrich).pdf;Christian Sieber: Politik, Verwaltung und Archiv: Aufstieg und Fall der „kaiserlichen“ Stadt Zürich zwischen 1430 und 1450 im Spiegel der Biographien von Bürgermeister Rudolf Stüssi und Stadtschreiber Michael Stebler;work;3;0;(?i)Rudolf St[üu]ssi.*Michael Stebler;m Spiegel der Biographien von Bürgermei- ster Rudolf Stüssi und Stadtschreiber Michael Stebler. Zürcher Taschenbuch 127, 2007, S. 1–30. 7 S;1.0
/Users/programming/PycharmProjects/Find_Bibliography_NEw/data/test/Sources for the 1446 Confederate Campaign in the Old Zurich War (Speich, Heinrich).pdf;Bernhard Stettler: Die Historiographie des Alten Zürichkriegs (15.–19. Jahrhundert);work;5;0;(?i)Stettler.*Historiographie.*Z[uü]richkrieg;"m.“ Bearb. von B. Stettler. Bern 2001; Stettler, Bernhard: Die Historiographie des Alten Zürichkriegs (15.–19. Jahrhundert). In: Ein „Bru-";1.0
/Users/programming/PycharmProjects/Find_Bibliography_NEw/data/test/Sources for the 1446 Confederate Campaign in the Old Zurich War (Speich, Heinrich).pdf;Bernhard Stettler: Die Historiographie des Alten Zürichkriegs (15.–19. Jahrhundert);work;5;0;(?i)Historiographie.*Alten Z[uü]richkrieg;"on B. Stettler. Bern 2001; Stettler, Bernhard: Die Historiographie des Alten Zürichkriegs (15.–19. Jahrhundert). In: Ein „Bru- derkrieg“. H";1.0
/Users/programming/PycharmProjects/Find_Bibliography_NEw/data/test/Sources for the 1446 Confederate Campaign in the Old Zurich War (Speich, Heinrich).pdf;Bernhard Stettler: Die Historiographie des Alten Zürichkriegs (15.–19. Jahrhundert);work;5;0;(?i)Stettler.*Historiographie.*Z[uü]richkrieg;"m.“ Bearb. von B. Stettler. Bern 2001; Stettler, Bernhard: Die Historiographie des Alten Zürichkriegs (15.–19. Jahrhundert). In: Ein „Bru-";1.0
/Users/programming/PycharmProjects/Find_Bibliography_NEw/data/test/Sources for the 1446 Confederate Campaign in the Old Zurich War (Speich, Heinrich).pdf;Bernhard Stettler: Die Historiographie des Alten Zürichkriegs (15.–19. Jahrhundert);work;5;0;(?i)Historiographie.*Alten Z[uü]richkrieg;"on B. Stettler. Bern 2001; Stettler, Bernhard: Die Historiographie des Alten Zürichkriegs (15.–19. Jahrhundert). In: Ein „Bru- derkrieg“. H";1.0
/Users/programming/PycharmProjects/Find_Bibliography_NEw/data/test/langmaier-konstantin-m__17.pdf;Christian Sieber: Der Vater tot, das Haus verbrannt. Der Alte Zürichkrieg aus der Sicht der Opfer in Stadt und Landschaft Zürich;work;1;0;(?i)Vater tot.*Alte[n]? Z[uü]richkrieg;haft in Zürich Band: 73 (2006) Artikel: Der Vater tot, das Haus verbrannt : der Alte Zürichkrieg aus der Sicht der Opfer in Stadt und Landsc;1.0
/Users/programming/PycharmProjects/Find_Bibliography_NEw/data/test/langmaier-konstantin-m__17.pdf;Christian Sieber: Der Vater tot, das Haus verbrannt. Der Alte Zürichkrieg aus der Sicht der Opfer in Stadt und Landschaft Zürich;work;1;0;(?i)Vater tot.*Alte[n]? Z[uü]richkrieg;haft in Zürich Band: 73 (2006) Artikel: Der Vater tot, das Haus verbrannt : der Alte Zürichkrieg aus der Sicht der Opfer in Stadt und Landsc;1.0
/Users/programming/PycharmProjects/Find_Bibliography_NEw/data/test/langmaier-konstantin-m__17.pdf;Christian Sieber: Politik, Verwaltung und Archiv: Aufstieg und Fall der „kaiserlichen“ Stadt Zürich zwischen 1430 und 1450 im Spiegel der Biographien von Bürgermeister Rudolf Stüssi und Stadtschreiber Michael Stebler;work;15;0;(?i)Rudolf St[üu]ssi.*Michael Stebler;ten der gescheiterten Politik - Bürgermeister Rudolf Stüssi und Stadtschreiber Michael Stebler - waren beide in der Schlacht bei St. Jakob a;1.0
/Users/programming/PycharmProjects/Find_Bibliography_NEw/data/test/langmaier-konstantin-m__17.pdf;Christian Sieber: Politik, Verwaltung und Archiv: Aufstieg und Fall der „kaiserlichen“ Stadt Zürich zwischen 1430 und 1450 im Spiegel der Biographien von Bürgermeister Rudolf Stüssi und Stadtschreiber Michael Stebler;work;15;0;(?i)Rudolf St[üu]ssi.*Michael Stebler;ten der gescheiterten Politik - Bürgermeister Rudolf Stüssi und Stadtschreiber Michael Stebler - waren beide in der Schlacht bei St. Jakob a;1.0
/Users/programming/PycharmProjects/Find_Bibliography_NEw/data/test/langmaier-konstantin-m__17.pdf;"Peter Niederhäuser: ""Guot Sorg hat man zuo Winterthur"" – Winterthur und der Alte Zürichkrieg";work;21;0;(?i)Niederh[aä]user.*Winterthur;n Schlacht am Stoss. Vgl. Peter Niederhäuser: «Durch der herschafft willen lip und guot gewaget». Winterthur im Appenzellerkrieg, in: SVGB 1;1.0
/Users/programming/PycharmProjects/Find_Bibliography_NEw/data/test/langmaier-konstantin-m__17.pdf;"Peter Niederhäuser: ""Guot Sorg hat man zuo Winterthur"" – Winterthur und der Alte Zürichkrieg";work;21;0;(?i)Niederh[aä]user.*Winterthur;n Schlacht am Stoss. Vgl. Peter Niederhäuser: «Durch der herschafft willen lip und guot gewaget». Winterthur im Appenzellerkrieg, in: SVGB 1;1.0
/Users/programming/PycharmProjects/Find_Bibliography_NEw/data/test/stettler-bernhard__8.pdf;Bernhard Stettler: Die Historiographie des Alten Zürichkriegs (15.–19. Jahrhundert);work;1;0;(?i)Historiographie.*Alten Z[uü]richkrieg;Die Historiographie des Alten Zürichkriegs (15.-19. Jahrhundert) Bernhard Stettler In der Historiographie des Alten Zürichkriegs spiegelt;1.0
/Users/programming/PycharmProjects/Find_Bibliography_NEw/data/test/stettler-bernhard__8.pdf;Bernhard Stettler: Die Historiographie des Alten Zürichkriegs (15.–19. Jahrhundert);work;1;0;(?i)Historiographie.*Alten Z[uü]richkrieg;gs (15.-19. Jahrhundert) Bernhard Stettler In der Historiographie des Alten Zürichkriegs spiegelt sich eine jahrhundertelange Auseinander;1.0
/Users/programming/PycharmProjects/Find_Bibliography_NEw/data/test/stettler-bernhard__8.pdf;Bernhard Stettler: Die Historiographie des Alten Zürichkriegs (15.–19. Jahrhundert);work;1;0;(?i)Historiographie.*Alten Z[uü]richkrieg;Die Historiographie des Alten Zürichkriegs (15.-19. Jahrhundert) Bernhard Stettler In der Historiographie des Alten Zürichkriegs spiegelt;1.0
/Users/programming/PycharmProjects/Find_Bibliography_NEw/data/test/stettler-bernhard__8.pdf;Bernhard Stettler: Die Historiographie des Alten Zürichkriegs (15.–19. Jahrhundert);work;1;0;(?i)Historiographie.*Alten Z[uü]richkrieg;gs (15.-19. Jahrhundert) Bernhard Stettler In der Historiographie des Alten Zürichkriegs spiegelt sich eine jahrhundertelange Auseinander;1.0
/Users/programming/PycharmProjects/Find_Bibliography_NEw/data/test/stettler-bernhard__8.pdf;Bernhard Stettler: Die Historiographie des Alten Zürichkriegs (15.–19. Jahrhundert);work;19;0;(?i)Historiographie.*Alten Z[uü]richkrieg;tettler: Der Platz von Tschudis Darstellung in der Historiographie des Alten Zürichkriegs, in:Tschudi, Bd. 12, 88*-116*), wo die Quellen un;1.0
/Users/programming/PycharmProjects/Find_Bibliography_NEw/data/test/stettler-bernhard__8.pdf;Bernhard Stettler: Die Historiographie des Alten Zürichkriegs (15.–19. Jahrhundert);work;19;0;(?i)Historiographie.*Alten Z[uü]richkrieg;tettler: Der Platz von Tschudis Darstellung in der Historiographie des Alten Zürichkriegs, in:Tschudi, Bd. 12, 88*-116*), wo die Quellen un;1.0
/Users/programming/PycharmProjects/Find_Bibliography_NEw/data/test/Langmaier-konstantin__26.pdf;Konstantin M. Langmaier: Felix Hemmerli und der Dialog über den Adel und den Bauern (De nobilitate et rusticitate dialogus). Seine Bedeutung für die Erforschung der Mentalität des Adels;work;3;0;(?i)Hemmerli.*Dialog.*Adel.*Bauern;it, Probleme und Perspektiven der 23 Felix Hemmerli und der Dialog über den Adel und den Bauern;1.0
/Users/programming/PycharmProjects/Find_Bibliography_NEw/data/test/Langmaier-konstantin__26.pdf;Konstantin M. Langmaier: Felix Hemmerli und der Dialog über den Adel und den Bauern (De nobilitate et rusticitate dialogus). Seine Bedeutung für die Erforschung der Mentalität des Adels;work;3;0;(?i)Hemmerli.*Dialog.*Adel.*Bauern;it, Probleme und Perspektiven der 23 Felix Hemmerli und der Dialog über den Adel und den Bauern;1.0
/Users/programming/PycharmProjects/Find_Bibliography_NEw/data/test/Langmaier-konstantin__26.pdf;Konstantin M. Langmaier: Felix Hemmerli und der Dialog über den Adel und den Bauern (De nobilitate et rusticitate dialogus). Seine Bedeutung für die Erforschung der Mentalität des Adels;work;5;0;(?i)Hemmerli.*Dialog.*Adel.*Bauern;ne quasireligiöse Haltung münden. 25 Felix Hemmerli und der Dialog über den Adel und den Bauern;1.0
/Users/programming/PycharmProjects/Find_Bibliography_NEw/data/test/Langmaier-konstantin__26.pdf;Konstantin M. Langmaier: Felix Hemmerli und der Dialog über den Adel und den Bauern (De nobilitate et rusticitate dialogus). Seine Bedeutung für die Erforschung der Mentalität des Adels;work;5;0;(?i)Hemmerli.*Dialog.*Adel.*Bauern;ne quasireligiöse Haltung münden. 25 Felix Hemmerli und der Dialog über den Adel und den Bauern;1.0
/Users/programming/PycharmProjects/Find_Bibliography_NEw/data/test/Langmaier-konstantin__26.pdf;Konstantin M. Langmaier: Felix Hemmerli und der Dialog über den Adel und den Bauern (De nobilitate et rusticitate dialogus). Seine Bedeutung für die Erforschung der Mentalität des Adels;work;7;0;(?i)Hemmerli.*Dialog.*Adel.*Bauern;als solche weltweit verbreitet. 27 Felix Hemmerli und der Dialog über den Adel und den Bauern;1.0
/Users/programming/PycharmProjects/Find_Bibliography_NEw/data/test/Langmaier-konstantin__26.pdf;Konstantin M. Langmaier: Felix Hemmerli und der Dialog über den Adel und den Bauern (De nobilitate et rusticitate dialogus). Seine Bedeutung für die Erforschung der Mentalität des Adels;work;7;0;(?i)Hemmerli.*Dialog.*Adel.*Bauern;als solche weltweit verbreitet. 27 Felix Hemmerli und der Dialog über den Adel und den Bauern;1.0
/Users/programming/PycharmProjects/Find_Bibliography_NEw/data/test/Langmaier-konstantin__26.pdf;Konstantin M. Langmaier: Felix Hemmerli und der Dialog über den Adel und den Bauern (De nobilitate et rusticitate dialogus). Seine Bedeutung für die Erforschung der Mentalität des Adels;work;9;0;(?i)Hemmerli.*Dialog.*Adel.*Bauern;g, Bd. 86), Opladen 1987, S. 47. 29 Felix Hemmerli und der Dialog über den Adel und den Bauern;1.0
/Users/programming/PycharmProjects/Find_Bibliography_NEw/data/test/Langmaier-konstantin__26.pdf;Konstantin M. Langmaier: Felix Hemmerli und der Dialog über den Adel und den Bauern (De nobilitate et rusticitate dialogus). Seine Bedeutung für die Erforschung der Mentalität des Adels;work;9;0;(?i)Hemmerli.*Dialog.*Adel.*Bauern;g, Bd. 86), Opladen 1987, S. 47. 29 Felix Hemmerli und der Dialog über den Adel und den Bauern;1.0
/Users/programming/PycharmProjects/Find_Bibliography_NEw/data/test/Langmaier-konstantin__26.pdf;Konstantin M. Langmaier: Felix Hemmerli und der Dialog über den Adel und den Bauern (De nobilitate et rusticitate dialogus). Seine Bedeutung für die Erforschung der Mentalität des Adels;work;11;0;(?i)Hemmerli.*Dialog.*Adel.*Bauern;36 (mit weiterführenden Angaben). 31 Felix Hemmerli und der Dialog über den Adel und den Bauern;1.0
/Users/programming/PycharmProjects/Find_Bibliography_NEw/data/test/Langmaier-konstantin__26.pdf;Konstantin M. Langmaier: Felix Hemmerli und der Dialog über den Adel und den Bauern (De nobilitate et rusticitate dialogus). Seine Bedeutung für die Erforschung der Mentalität des Adels;work;11;0;(?i)Hemmerli.*Dialog.*Adel.*Bauern;36 (mit weiterführenden Angaben). 31 Felix Hemmerli und der Dialog über den Adel und den Bauern;1.0
/Users/programming/PycharmProjects/Find_Bibliography_NEw/data/test/Langmaier-konstantin__26.pdf;Konstantin M. Langmaier: Felix Hemmerli und der Dialog über den Adel und den Bauern (De nobilitate et rusticitate dialogus). Seine Bedeutung für die Erforschung der Mentalität des Adels;work;13;0;(?i)Hemmerli.*Dialog.*Adel.*Bauern;7/1], München 1999, Bd. 1, S. 6). 33 Felix Hemmerli und der Dialog über den Adel und den Bauern;1.0
/Users/programming/PycharmProjects/Find_Bibliography_NEw/data/test/Langmaier-konstantin__26.pdf;Konstantin M. Langmaier: Felix Hemmerli und der Dialog über den Adel und den Bauern (De nobilitate et rusticitate dialogus). Seine Bedeutung für die Erforschung der Mentalität des Adels;work;13;0;(?i)Hemmerli.*Dialog.*Adel.*Bauern;7/1], München 1999, Bd. 1, S. 6). 33 Felix Hemmerli und der Dialog über den Adel und den Bauern;1.0
/Users/programming/PycharmProjects/Find_Bibliography_NEw/data/test/Langmaier-konstantin__26.pdf;Konstantin M. Langmaier: Felix Hemmerli und der Dialog über den Adel und den Bauern (De nobilitate et rusticitate dialogus). Seine Bedeutung für die Erforschung der Mentalität des Adels;work;15;0;(?i)Hemmerli.*Dialog.*Adel.*Bauern;. 12), Leiden/Köln 1976, S. 121. 35 Felix Hemmerli und der Dialog über den Adel und den Bauern;1.0
/Users/programming/PycharmProjects/Find_Bibliography_NEw/data/test/Langmaier-konstantin__26.pdf;Konstantin M. Langmaier: Felix Hemmerli und der Dialog über den Adel und den Bauern (De nobilitate et rusticitate dialogus). Seine Bedeutung für die Erforschung der Mentalität des Adels;work;15;0;(?i)Hemmerli.*Dialog.*Adel.*Bauern;. 12), Leiden/Köln 1976, S. 121. 35 Felix Hemmerli und der Dialog über den Adel und den Bauern;1.0
/Users/programming/PycharmProjects/Find_Bibliography_NEw/data/test/Langmaier-konstantin__26.pdf;Konstantin M. Langmaier: Felix Hemmerli und der Dialog über den Adel und den Bauern (De nobilitate et rusticitate dialogus). Seine Bedeutung für die Erforschung der Mentalität des Adels;work;17;0;(?i)Hemmerli.*Dialog.*Adel.*Bauern;(1975), S. 165–180, hier S. 180. 37 Felix Hemmerli und der Dialog über den Adel und den Bauern;1.0
/Users/programming/PycharmProjects/Find_Bibliography_NEw/data/test/Langmaier-konstantin__26.pdf;Konstantin M. Langmaier: Felix Hemmerli und der Dialog über den Adel und den Bauern (De nobilitate et rusticitate dialogus). Seine Bedeutung für die Erforschung der Mentalität des Adels;work;17;0;(?i)Hemmerli.*Dialog.*Adel.*Bauern;(1975), S. 165–180, hier S. 180. 37 Felix Hemmerli und der Dialog über den Adel und den Bauern;1.0
/Users/programming/PycharmProjects/Find_Bibliography_NEw/data/test/Langmaier-konstantin__26.pdf;Konstantin M. Langmaier: Felix Hemmerli und der Dialog über den Adel und den Bauern (De nobilitate et rusticitate dialogus). Seine Bedeutung für die Erforschung der Mentalität des Adels;work;19;0;(?i)Hemmerli.*Dialog.*Adel.*Bauern;, Nr. 6), Stuttgart 1986, S. 265. 39 Felix Hemmerli und der Dialog über den Adel und den Bauern;1.0
/Users/programming/PycharmProjects/Find_Bibliography_NEw/data/test/Langmaier-konstantin__26.pdf;Konstantin M. Langmaier: Felix Hemmerli und der Dialog über den Adel und den Bauern (De nobilitate et rusticitate dialogus). Seine Bedeutung für die Erforschung der Mentalität des Adels;work;19;0;(?i)Hemmerli.*Dialog.*Adel.*Bauern;, Nr. 6), Stuttgart 1986, S. 265. 39 Felix Hemmerli und der Dialog über den Adel und den Bauern;1.0
/Users/programming/PycharmProjects/Find_Bibliography_NEw/data/test/Langmaier-konstantin__26.pdf;Konstantin M. Langmaier: Felix Hemmerli und der Dialog über den Adel und den Bauern (De nobilitate et rusticitate dialogus). Seine Bedeutung für die Erforschung der Mentalität des Adels;work;21;0;(?i)Hemmerli.*Dialog.*Adel.*Bauern;d nicht allzu hoch gewesen sein. 41 Felix Hemmerli und der Dialog über den Adel und den Bauern;1.0
/Users/programming/PycharmProjects/Find_Bibliography_NEw/data/test/Langmaier-konstantin__26.pdf;Konstantin M. Langmaier: Felix Hemmerli und der Dialog über den Adel und den Bauern (De nobilitate et rusticitate dialogus). Seine Bedeutung für die Erforschung der Mentalität des Adels;work;21;0;(?i)Hemmerli.*Dialog.*Adel.*Bauern;d nicht allzu hoch gewesen sein. 41 Felix Hemmerli und der Dialog über den Adel und den Bauern;1.0
/Users/programming/PycharmProjects/Find_Bibliography_NEw/data/test/Langmaier-konstantin__26.pdf;Konstantin M. Langmaier: Felix Hemmerli und der Dialog über den Adel und den Bauern (De nobilitate et rusticitate dialogus). Seine Bedeutung für die Erforschung der Mentalität des Adels;work;23;0;(?i)Hemmerli.*Dialog.*Adel.*Bauern;nobilitate (wie Anm. 14) pag. 9v. 43 Felix Hemmerli und der Dialog über den Adel und den Bauern;1.0
/Users/programming/PycharmProjects/Find_Bibliography_NEw/data/test/Langmaier-konstantin__26.pdf;Konstantin M. Langmaier: Felix Hemmerli und der Dialog über den Adel und den Bauern (De nobilitate et rusticitate dialogus). Seine Bedeutung für die Erforschung der Mentalität des Adels;work;23;0;(?i)Hemmerli.*Dialog.*Adel.*Bauern;nobilitate (wie Anm. 14) pag. 9v. 43 Felix Hemmerli und der Dialog über den Adel und den Bauern;1.0
/Users/programming/PycharmProjects/Find_Bibliography_NEw/data/test/Langmaier-konstantin__26.pdf;Konstantin M. Langmaier: Felix Hemmerli und der Dialog über den Adel und den Bauern (De nobilitate et rusticitate dialogus). Seine Bedeutung für die Erforschung der Mentalität des Adels;work;25;0;(?i)Hemmerli.*Dialog.*Adel.*Bauern;nter aut impacienter inveniuntur. 45 Felix Hemmerli und der Dialog über den Adel und den Bauern;1.0
/Users/programming/PycharmProjects/Find_Bibliography_NEw/data/test/Langmaier-konstantin__26.pdf;Konstantin M. Langmaier: Felix Hemmerli und der Dialog über den Adel und den Bauern (De nobilitate et rusticitate dialogus). Seine Bedeutung für die Erforschung der Mentalität des Adels;work;25;0;(?i)Hemmerli.*Dialog.*Adel.*Bauern;nter aut impacienter inveniuntur. 45 Felix Hemmerli und der Dialog über den Adel und den Bauern;1.0
/Users/programming/PycharmProjects/Find_Bibliography_NEw/data/test/Langmaier-konstantin__26.pdf;Konstantin M. Langmaier: Felix Hemmerli und der Dialog über den Adel und den Bauern (De nobilitate et rusticitate dialogus). Seine Bedeutung für die Erforschung der Mentalität des Adels;work;27;0;(?i)Hemmerli.*Dialog.*Adel.*Bauern;, Tübingen 1989, S. 108–163, hier 47 Felix Hemmerli und der Dialog über den Adel und den Bauern;1.0
/Users/programming/PycharmProjects/Find_Bibliography_NEw/data/test/Langmaier-konstantin__26.pdf;Konstantin M. Langmaier: Felix Hemmerli und der Dialog über den Adel und den Bauern (De nobilitate et rusticitate dialogus). Seine Bedeutung für die Erforschung der Mentalität des Adels;work;27;0;(?i)Hemmerli.*Dialog.*Adel.*Bauern;, Tübingen 1989, S. 108–163, hier 47 Felix Hemmerli und der Dialog über den Adel und den Bauern;1.0
/Users/programming/PycharmProjects/Find_Bibliography_NEw/data/test/Langmaier-konstantin__26.pdf;Konstantin M. Langmaier: Felix Hemmerli und der Dialog über den Adel und den Bauern (De nobilitate et rusticitate dialogus). Seine Bedeutung für die Erforschung der Mentalität des Adels;work;29;0;(?i)Hemmerli.*Dialog.*Adel.*Bauern;., pag. 50r. 133 Ebd., pag. 58r. 49 Felix Hemmerli und der Dialog über den Adel und den Bauern;1.0
/Users/programming/PycharmProjects/Find_Bibliography_NEw/data/test/Langmaier-konstantin__26.pdf;Konstantin M. Langmaier: Felix Hemmerli und der Dialog über den Adel und den Bauern (De nobilitate et rusticitate dialogus). Seine Bedeutung für die Erforschung der Mentalität des Adels;work;29;0;(?i)Hemmerli.*Dialog.*Adel.*Bauern;., pag. 50r. 133 Ebd., pag. 58r. 49 Felix Hemmerli und der Dialog über den Adel und den Bauern;1.0
/Users/programming/PycharmProjects/Find_Bibliography_NEw/data/test/Langmaier-konstantin__26.pdf;Konstantin M. Langmaier: Felix Hemmerli und der Dialog über den Adel und den Bauern (De nobilitate et rusticitate dialogus). Seine Bedeutung für die Erforschung der Mentalität des Adels;work;31;0;(?i)Hemmerli.*Dialog.*Adel.*Bauern;., pag. 79r. 147 Ebd., pag. 81v. 51 Felix Hemmerli und der Dialog über den Adel und den Bauern;1.0
/Users/programming/PycharmProjects/Find_Bibliography_NEw/data/test/Langmaier-konstantin__26.pdf;Konstantin M. Langmaier: Felix Hemmerli und der Dialog über den Adel und den Bauern (De nobilitate et rusticitate dialogus). Seine Bedeutung für die Erforschung der Mentalität des Adels;work;31;0;(?i)Hemmerli.*Dialog.*Adel.*Bauern;., pag. 79r. 147 Ebd., pag. 81v. 51 Felix Hemmerli und der Dialog über den Adel und den Bauern;1.0
/Users/programming/PycharmProjects/Find_Bibliography_NEw/data/test/Langmaier-konstantin__26.pdf;Konstantin M. Langmaier: Felix Hemmerli und der Dialog über den Adel und den Bauern (De nobilitate et rusticitate dialogus). Seine Bedeutung für die Erforschung der Mentalität des Adels;work;33;0;(?i)Hemmerli.*Dialog.*Adel.*Bauern;s procreati. 156 Ebd., pag. 92v. 53 Felix Hemmerli und der Dialog über den Adel und den Bauern;1.0
/Users/programming/PycharmProjects/Find_Bibliography_NEw/data/test/Langmaier-konstantin__26.pdf;Konstantin M. Langmaier: Felix Hemmerli und der Dialog über den Adel und den Bauern (De nobilitate et rusticitate dialogus). Seine Bedeutung für die Erforschung der Mentalität des Adels;work;33;0;(?i)Hemmerli.*Dialog.*Adel.*Bauern;s procreati. 156 Ebd., pag. 92v. 53 Felix Hemmerli und der Dialog über den Adel und den Bauern;1.0
/Users/programming/PycharmProjects/Find_Bibliography_NEw/data/test/Langmaier-konstantin__26.pdf;Konstantin M. Langmaier: Felix Hemmerli und der Dialog über den Adel und den Bauern (De nobilitate et rusticitate dialogus). Seine Bedeutung für die Erforschung der Mentalität des Adels;work;35;0;(?i)Hemmerli.*Dialog.*Adel.*Bauern;sit iustum vel iniustum non repe- 55 Felix Hemmerli und der Dialog über den Adel und den Bauern;1.0
/Users/programming/PycharmProjects/Find_Bibliography_NEw/data/test/Langmaier-konstantin__26.pdf;Konstantin M. Langmaier: Felix Hemmerli und der Dialog über den Adel und den Bauern (De nobilitate et rusticitate dialogus). Seine Bedeutung für die Erforschung der Mentalität des Adels;work;35;0;(?i)Hemmerli.*Dialog.*Adel.*Bauern;sit iustum vel iniustum non repe- 55 Felix Hemmerli und der Dialog über den Adel und den Bauern;1.0
/Users/programming/PycharmProjects/Find_Bibliography_NEw/data/test/Langmaier-konstantin__26.pdf;Konstantin M. Langmaier: Felix Hemmerli und der Dialog über den Adel und den Bauern (De nobilitate et rusticitate dialogus). Seine Bedeutung für die Erforschung der Mentalität des Adels;work;37;0;(?i)Hemmerli.*Dialog.*Adel.*Bauern;kfurt a. M. u. a. 1985, S. 33 ff. 57 Felix Hemmerli und der Dialog über den Adel und den Bauern;1.0
/Users/programming/PycharmProjects/Find_Bibliography_NEw/data/test/Langmaier-konstantin__26.pdf;Konstantin M. Langmaier: Felix Hemmerli und der Dialog über den Adel und den Bauern (De nobilitate et rusticitate dialogus). Seine Bedeutung für die Erforschung der Mentalität des Adels;work;37;0;(?i)Hemmerli.*Dialog.*Adel.*Bauern;kfurt a. M. u. a. 1985, S. 33 ff. 57 Felix Hemmerli und der Dialog über den Adel und den Bauern;1.0
/Users/programming/PycharmProjects/Find_Bibliography_NEw/data/test/Langmaier-konstantin__26.pdf;Konstantin M. Langmaier: Felix Hemmerli und der Dialog über den Adel und den Bauern (De nobilitate et rusticitate dialogus). Seine Bedeutung für die Erforschung der Mentalität des Adels;work;39;0;(?i)Hemmerli.*Dialog.*Adel.*Bauern;des Autors völlig identisch ist. 59 Felix Hemmerli und der Dialog über den Adel und den Bauern;1.0
/Users/programming/PycharmProjects/Find_Bibliography_NEw/data/test/Langmaier-konstantin__26.pdf;Konstantin M. Langmaier: Felix Hemmerli und der Dialog über den Adel und den Bauern (De nobilitate et rusticitate dialogus). Seine Bedeutung für die Erforschung der Mentalität des Adels;work;39;0;(?i)Hemmerli.*Dialog.*Adel.*Bauern;des Autors völlig identisch ist. 59 Felix Hemmerli und der Dialog über den Adel und den Bauern;1.0
/Users/programming/PycharmProjects/Find_Bibliography_NEw/data/test/Langmaier-konstantin__26.pdf;Christian Sieber: Der Vater tot, das Haus verbrannt. Der Alte Zürichkrieg aus der Sicht der Opfer in Stadt und Landschaft Zürich;work;41;0;(?i)Vater tot.*Alte[n]? Z[uü]richkrieg;der Kriegsfolgen vgl. Christian SIEBER, Der Vater tot, das Haus verbrannt, Der Alte Zürichkrieg aus der Sicht der Opfer in Stadt und Lands;1.0
/Users/programming/PycharmProjects/Find_Bibliography_NEw/data/test/Langmaier-konstantin__26.pdf;Konstantin M. Langmaier: Felix Hemmerli und der Dialog über den Adel und den Bauern (De nobilitate et rusticitate dialogus). Seine Bedeutung für die Erforschung der Mentalität des Adels;work;41;0;(?i)Hemmerli.*Dialog.*Adel.*Bauern;bilitate (wie Anm. 14) pag. 137v. 61 Felix Hemmerli und der Dialog über den Adel und den Bauern;1.0
/Users/programming/PycharmProjects/Find_Bibliography_NEw/data/test/Langmaier-konstantin__26.pdf;Christian Sieber: Der Vater tot, das Haus verbrannt. Der Alte Zürichkrieg aus der Sicht der Opfer in Stadt und Landschaft Zürich;work;41;0;(?i)Vater tot.*Alte[n]? Z[uü]richkrieg;der Kriegsfolgen vgl. Christian SIEBER, Der Vater tot, das Haus verbrannt, Der Alte Zürichkrieg aus der Sicht der Opfer in Stadt und Lands;1.0
/Users/programming/PycharmProjects/Find_Bibliography_NEw/data/test/Langmaier-konstantin__26.pdf;Konstantin M. Langmaier: Felix Hemmerli und der Dialog über den Adel und den Bauern (De nobilitate et rusticitate dialogus). Seine Bedeutung für die Erforschung der Mentalität des Adels;work;41;0;(?i)Hemmerli.*Dialog.*Adel.*Bauern;bilitate (wie Anm. 14) pag. 137v. 61 Felix Hemmerli und der Dialog über den Adel und den Bauern;1.0
/Users/programming/PycharmProjects/Find_Bibliography_NEw/data/test/Langmaier-konstantin__26.pdf;Konstantin M. Langmaier: Felix Hemmerli und der Dialog über den Adel und den Bauern (De nobilitate et rusticitate dialogus). Seine Bedeutung für die Erforschung der Mentalität des Adels;work;43;0;(?i)Hemmerli.*Dialog.*Adel.*Bauern;n Kriegsordnung zu thematisieren. 63 Felix Hemmerli und der Dialog über den Adel und den Bauern;1.0
/Users/programming/PycharmProjects/Find_Bibliography_NEw/data/test/Langmaier-konstantin__26.pdf;Konstantin M. Langmaier: Felix Hemmerli und der Dialog über den Adel und den Bauern (De nobilitate et rusticitate dialogus). Seine Bedeutung für die Erforschung der Mentalität des Adels;work;43;0;(?i)Hemmerli.*Dialog.*Adel.*Bauern;n Kriegsordnung zu thematisieren. 63 Felix Hemmerli und der Dialog über den Adel und den Bauern;1.0
/Users/programming/PycharmProjects/Find_Bibliography_NEw/data/test/Langmaier-konstantin__26.pdf;Stefan Frey: Rudolf Stüssi – ein tragischer Held?;work;44;0;(?i)Frey.*Rudolf St[üu]ssi;IEBENAU, Scenen (wie Anm. 191) S. 237 u. S. 239. Vgl. Stefan FREY, Rudolf Stüssi, ein tragischer Held?, in: Ein „Bruderkrieg“ macht Geschic;1.0
/Users/programming/PycharmProjects/Find_Bibliography_NEw/data/test/Langmaier-konstantin__26.pdf;Stefan Frey: Rudolf Stüssi – ein tragischer Held?;work;44;0;(?i)Stefan Frey.*St[üu]ssi;N LIEBENAU, Scenen (wie Anm. 191) S. 237 u. S. 239. Vgl. Stefan FREY, Rudolf Stüssi, ein tragischer Held?, in: Ein „Bruderkrieg“ macht Gesc;1.0
/Users/programming/PycharmProjects/Find_Bibliography_NEw/data/test/Langmaier-konstantin__26.pdf;Stefan Frey: Rudolf Stüssi – ein tragischer Held?;work;44;0;(?i)Frey.*Rudolf St[üu]ssi;IEBENAU, Scenen (wie Anm. 191) S. 237 u. S. 239. Vgl. Stefan FREY, Rudolf Stüssi, ein tragischer Held?, in: Ein „Bruderkrieg“ macht Geschic;1.0
/Users/programming/PycharmProjects/Find_Bibliography_NEw/data/test/Langmaier-konstantin__26.pdf;Stefan Frey: Rudolf Stüssi – ein tragischer Held?;work;44;0;(?i)Stefan Frey.*St[üu]ssi;N LIEBENAU, Scenen (wie Anm. 191) S. 237 u. S. 239. Vgl. Stefan FREY, Rudolf Stüssi, ein tragischer Held?, in: Ein „Bruderkrieg“ macht Gesc;1.0
/Users/programming/PycharmProjects/Find_Bibliography_NEw/data/test/Langmaier-konstantin__26.pdf;Konstantin M. Langmaier: Felix Hemmerli und der Dialog über den Adel und den Bauern (De nobilitate et rusticitate dialogus). Seine Bedeutung für die Erforschung der Mentalität des Adels;work;45;0;(?i)Hemmerli.*Dialog.*Adel.*Bauern;es Wille (wie Anm. 208) S. 108 f. 65 Felix Hemmerli und der Dialog über den Adel und den Bauern;1.0
/Users/programming/PycharmProjects/Find_Bibliography_NEw/data/test/Langmaier-konstantin__26.pdf;Konstantin M. Langmaier: Felix Hemmerli und der Dialog über den Adel und den Bauern (De nobilitate et rusticitate dialogus). Seine Bedeutung für die Erforschung der Mentalität des Adels;work;45;0;(?i)Hemmerli.*Dialog.*Adel.*Bauern;es Wille (wie Anm. 208) S. 108 f. 65 Felix Hemmerli und der Dialog über den Adel und den Bauern;1.0
/Users/programming/PycharmProjects/Find_Bibliography_NEw/data/test/Langmaier-konstantin__26.pdf;Konstantin M. Langmaier: Felix Hemmerli und der Dialog über den Adel und den Bauern (De nobilitate et rusticitate dialogus). Seine Bedeutung für die Erforschung der Mentalität des Adels;work;47;0;(?i)Hemmerli.*Dialog.*Adel.*Bauern;kein gutes Verhält- nis verband. 67 Felix Hemmerli und der Dialog über den Adel und den Bauern;1.0
/Users/programming/PycharmProjects/Find_Bibliography_NEw/data/test/Langmaier-konstantin__26.pdf;Konstantin M. Langmaier: Felix Hemmerli und der Dialog über den Adel und den Bauern (De nobilitate et rusticitate dialogus). Seine Bedeutung für die Erforschung der Mentalität des Adels;work;47;0;(?i)Hemmerli.*Dialog.*Adel.*Bauern;kein gutes Verhält- nis verband. 67 Felix Hemmerli und der Dialog über den Adel und den Bauern;1.0
/Users/programming/PycharmProjects/Find_Bibliography_NEw/data/test/Langmaier-konstantin__26.pdf;Konstantin M. Langmaier: Felix Hemmerli und der Dialog über den Adel und den Bauern (De nobilitate et rusticitate dialogus). Seine Bedeutung für die Erforschung der Mentalität des Adels;work;49;0;(?i)Hemmerli.*Dialog.*Adel.*Bauern;ntia protervissime dominationis. 69 Felix Hemmerli und der Dialog über den Adel und den Bauern;1.0
/Users/programming/PycharmProjects/Find_Bibliography_NEw/data/test/Langmaier-konstantin__26.pdf;Konstantin M. Langmaier: Felix Hemmerli und der Dialog über den Adel und den Bauern (De nobilitate et rusticitate dialogus). Seine Bedeutung für die Erforschung der Mentalität des Adels;work;49;0;(?i)Hemmerli.*Dialog.*Adel.*Bauern;ntia protervissime dominationis. 69 Felix Hemmerli und der Dialog über den Adel und den Bauern;1.0
/Users/programming/PycharmProjects/Find_Bibliography_NEw/data/test/Langmaier-konstantin__26.pdf;Konstantin M. Langmaier: Felix Hemmerli und der Dialog über den Adel und den Bauern (De nobilitate et rusticitate dialogus). Seine Bedeutung für die Erforschung der Mentalität des Adels;work;51;0;(?i)Hemmerli.*Dialog.*Adel.*Bauern;itate (wie Anm. 14) pag. 148v ff. 71 Felix Hemmerli und der Dialog über den Adel und den Bauern;1.0
/Users/programming/PycharmProjects/Find_Bibliography_NEw/data/test/Langmaier-konstantin__26.pdf;Konstantin M. Langmaier: Felix Hemmerli und der Dialog über den Adel und den Bauern (De nobilitate et rusticitate dialogus). Seine Bedeutung für die Erforschung der Mentalität des Adels;work;51;0;(?i)Hemmerli.*Dialog.*Adel.*Bauern;itate (wie Anm. 14) pag. 148v ff. 71 Felix Hemmerli und der Dialog über den Adel und den Bauern;1.0
/Users/programming/PycharmProjects/Find_Bibliography_NEw/data/test/Langmaier-konstantin__26.pdf;Konstantin M. Langmaier: Felix Hemmerli und der Dialog über den Adel und den Bauern (De nobilitate et rusticitate dialogus). Seine Bedeutung für die Erforschung der Mentalität des Adels;work;53;0;(?i)Hemmerli.*Dialog.*Adel.*Bauern;statt 2004, S. 13–55, hier S. 54. 73 Felix Hemmerli und der Dialog über den Adel und den Bauern;1.0
/Users/programming/PycharmProjects/Find_Bibliography_NEw/data/test/Langmaier-konstantin__26.pdf;Konstantin M. Langmaier: Felix Hemmerli und der Dialog über den Adel und den Bauern (De nobilitate et rusticitate dialogus). Seine Bedeutung für die Erforschung der Mentalität des Adels;work;53;0;(?i)Hemmerli.*Dialog.*Adel.*Bauern;statt 2004, S. 13–55, hier S. 54. 73 Felix Hemmerli und der Dialog über den Adel und den Bauern;1.0
/Users/programming/PycharmProjects/Find_Bibliography_NEw/data/test/Langmaier-konstantin__26.pdf;Konstantin M. Langmaier: Felix Hemmerli und der Dialog über den Adel und den Bauern (De nobilitate et rusticitate dialogus). Seine Bedeutung für die Erforschung der Mentalität des Adels;work;55;0;(?i)Hemmerli.*Dialog.*Adel.*Bauern;chen Kampffigur ,Bauer‘ gekommen“. 75 Felix Hemmerli und der Dialog über den Adel und den Bauern;1.0
/Users/programming/PycharmProjects/Find_Bibliography_NEw/data/test/Langmaier-konstantin__26.pdf;Konstantin M. Langmaier: Felix Hemmerli und der Dialog über den Adel und den Bauern (De nobilitate et rusticitate dialogus). Seine Bedeutung für die Erforschung der Mentalität des Adels;work;55;0;(?i)Hemmerli.*Dialog.*Adel.*Bauern;chen Kampffigur ,Bauer‘ gekommen“. 75 Felix Hemmerli und der Dialog über den Adel und den Bauern;1.0
/Users/programming/PycharmProjects/Find_Bibliography_NEw/data/test/sieber-christian__19.pdf;Oliver Landolt: Das Alte Land Schwyz während des Alten Zürichkriegs;work;26;1;(?i)Landolt.*Alte Land Schwyz;n Volkskunde 22 2005), 91–121. Landolt, Land Schwyz Landolt Oliver, Das Alte Land Schwyz während des Alten Zürichkriegs, in: Niederhäuser/Si;1.0
/Users/programming/PycharmProjects/Find_Bibliography_NEw/data/test/sieber-christian__19.pdf;Oliver Landolt: Das Alte Land Schwyz während des Alten Zürichkriegs;work;26;1;(?i)Landolt.*Z[uü]richkriegs;2005), 91–121. Landolt, Land Schwyz Landolt Oliver, Das Alte Land Schwyz während des Alten Zürichkriegs, in: Niederhäuser/Sieber, Neue Zugä;1.0
/Users/programming/PycharmProjects/Find_Bibliography_NEw/data/test/sieber-christian__19.pdf;Oliver Landolt: Das Alte Land Schwyz während des Alten Zürichkriegs;work;26;1;(?i)Landolt.*Alte Land Schwyz;n Volkskunde 22 2005), 91–121. Landolt, Land Schwyz Landolt Oliver, Das Alte Land Schwyz während des Alten Zürichkriegs, in: Niederhäuser/Si;1.0
/Users/programming/PycharmProjects/Find_Bibliography_NEw/data/test/sieber-christian__19.pdf;Oliver Landolt: Das Alte Land Schwyz während des Alten Zürichkriegs;work;26;1;(?i)Landolt.*Z[uü]richkriegs;2005), 91–121. Landolt, Land Schwyz Landolt Oliver, Das Alte Land Schwyz während des Alten Zürichkriegs, in: Niederhäuser/Sieber, Neue Zugä;1.0
/Users/programming/PycharmProjects/Find_Bibliography_NEw/data/test/sieber-christian__19.pdf;Christian Sieber: Der Vater tot, das Haus verbrannt. Der Alte Zürichkrieg aus der Sicht der Opfer in Stadt und Landschaft Zürich;work;27;1;(?i)Sieber.*Vater tot.*Haus verbrannt;Uster» 2005), Nr. 7, S. 49–55. Sieber, Opfer Sieber Christian, Der Vater tot, das Haus verbrannt. Der Alte Zürichkrieg aus der Sicht der Opf;1.0
/Users/programming/PycharmProjects/Find_Bibliography_NEw/data/test/sieber-christian__19.pdf;Christian Sieber: Politik, Verwaltung und Archiv: Aufstieg und Fall der „kaiserlichen“ Stadt Zürich zwischen 1430 und 1450 im Spiegel der Biographien von Bürgermeister Rudolf Stüssi und Stadtschreiber Michael Stebler;work;27;1;(?i)Sieber.*Politik.*Verwaltung.*Archiv;h 1995, S. 471–498. Sieber, Stüssi und Stebler Sieber Christian,Politik, Verwaltung und Archiv. Aufstieg und Fall der «kaiserlichen» Stadt Z;1.0
/Users/programming/PycharmProjects/Find_Bibliography_NEw/data/test/sieber-christian__19.pdf;Christian Sieber: Der Vater tot, das Haus verbrannt. Der Alte Zürichkrieg aus der Sicht der Opfer in Stadt und Landschaft Zürich;work;27;1;(?i)Sieber.*Vater tot.*Haus verbrannt;Uster» 2005), Nr. 7, S. 49–55. Sieber, Opfer Sieber Christian, Der Vater tot, das Haus verbrannt. Der Alte Zürichkrieg aus der Sicht der Opf;1.0
/Users/programming/PycharmProjects/Find_Bibliography_NEw/data/test/sieber-christian__19.pdf;Christian Sieber: Politik, Verwaltung und Archiv: Aufstieg und Fall der „kaiserlichen“ Stadt Zürich zwischen 1430 und 1450 im Spiegel der Biographien von Bürgermeister Rudolf Stüssi und Stadtschreiber Michael Stebler;work;27;1;(?i)Sieber.*Politik.*Verwaltung.*Archiv;h 1995, S. 471–498. Sieber, Stüssi und Stebler Sieber Christian,Politik, Verwaltung und Archiv. Aufstieg und Fall der «kaiserlichen» Stadt Z;1.0
/Users/programming/PycharmProjects/Find_Bibliography_NEw/data/test/zahnd-urs-martin__20.pdf;Bernhard Stettler: Die Historiographie des Alten Zürichkriegs (15.–19. Jahrhundert);work;24;0;(?i)Stettler.*Historiographie.*Z[uü]richkrieg;"ttler, Bernhard. Basel 1994, 9*– 11*; Stettler, Bernhard: Die Historiographie des Alten Zürichkriegs (15.–19. Jahrhundert). In: Niederhä";1.0
/Users/programming/PycharmProjects/Find_Bibliography_NEw/data/test/zahnd-urs-martin__20.pdf;Bernhard Stettler: Die Historiographie des Alten Zürichkriegs (15.–19. Jahrhundert);work;24;0;(?i)Historiographie.*Alten Z[uü]richkrieg;"ard. Basel 1994, 9*– 11*; Stettler, Bernhard: Die Historiographie des Alten Zürichkriegs (15.–19. Jahrhundert). In: Niederhäuser/Sieber";1.0
/Users/programming/PycharmProjects/Find_Bibliography_NEw/data/test/zahnd-urs-martin__20.pdf;Bernhard Stettler: Die Historiographie des Alten Zürichkriegs (15.–19. Jahrhundert);work;24;0;(?i)Stettler.*Historiographie.*Z[uü]richkrieg;"ttler, Bernhard. Basel 1994, 9*– 11*; Stettler, Bernhard: Die Historiographie des Alten Zürichkriegs (15.–19. Jahrhundert). In: Niederhä";1.0
/Users/programming/PycharmProjects/Find_Bibliography_NEw/data/test/zahnd-urs-martin__20.pdf;Bernhard Stettler: Die Historiographie des Alten Zürichkriegs (15.–19. Jahrhundert);work;24;0;(?i)Historiographie.*Alten Z[uü]richkrieg;"ard. Basel 1994, 9*– 11*; Stettler, Bernhard: Die Historiographie des Alten Zürichkriegs (15.–19. Jahrhundert). In: Niederhäuser/Sieber";1.0
/Users/programming/PycharmProjects/Find_Bibliography_NEw/data/test/zahnd-urs-martin__20.pdf;Oliver Landolt: Das Alte Land Schwyz während des Alten Zürichkriegs;work;25;0;(?i)Landolt.*Alte Land Schwyz;"In: Niederhäuser / Sieber (wie Anm. 5), 155 –165; Landolt, Oliver: Das Alte Land Schwyz während des Alten Zürichkrieges. In: Niederhäuser";1.0
/Users/programming/PycharmProjects/Find_Bibliography_NEw/data/test/zahnd-urs-martin__20.pdf;Oliver Landolt: Das Alte Land Schwyz während des Alten Zürichkriegs;work;25;0;(?i)Landolt.*Alte Land Schwyz;"In: Niederhäuser / Sieber (wie Anm. 5), 155 –165; Landolt, Oliver: Das Alte Land Schwyz während des Alten Zürichkrieges. In: Niederhäuser";1.0
/Users/programming/PycharmProjects/Find_Bibliography_NEw/data/test/langmaier-konstantin-m__18.pdf;Konstantin M. Langmaier: Felix Hemmerli und der Dialog über den Adel und den Bauern (De nobilitate et rusticitate dialogus). Seine Bedeutung für die Erforschung der Mentalität des Adels;work;9;0;(?i)Langmaier.*Felix Hemmerli;aftsgeschichte 103/2 (2016) S. 178–200. 14 Konstantin M. LANGMAIER, Felix Hemmerli und der Dialog über den Adel und den Bauern (De nobili;1.0
/Users/programming/PycharmProjects/Find_Bibliography_NEw/data/test/langmaier-konstantin-m__18.pdf;Konstantin M. Langmaier: Felix Hemmerli und der Dialog über den Adel und den Bauern (De nobilitate et rusticitate dialogus). Seine Bedeutung für die Erforschung der Mentalität des Adels;work;9;0;(?i)Hemmerli.*Dialog.*Adel.*Bauern;178–200. 14 Konstantin M. LANGMAIER, Felix Hemmerli und der Dialog über den Adel und den Bauern (De nobilitate et rusticitate dialogus):;1.0
/Users/programming/PycharmProjects/Find_Bibliography_NEw/data/test/langmaier-konstantin-m__18.pdf;Konstantin M. Langmaier: Felix Hemmerli und der Dialog über den Adel und den Bauern (De nobilitate et rusticitate dialogus). Seine Bedeutung für die Erforschung der Mentalität des Adels;work;9;0;(?i)Langmaier.*Felix Hemmerli;aftsgeschichte 103/2 (2016) S. 178–200. 14 Konstantin M. LANGMAIER, Felix Hemmerli und der Dialog über den Adel und den Bauern (De nobili;1.0
/Users/programming/PycharmProjects/Find_Bibliography_NEw/data/test/langmaier-konstantin-m__18.pdf;Konstantin M. Langmaier: Felix Hemmerli und der Dialog über den Adel und den Bauern (De nobilitate et rusticitate dialogus). Seine Bedeutung für die Erforschung der Mentalität des Adels;work;9;0;(?i)Hemmerli.*Dialog.*Adel.*Bauern;178–200. 14 Konstantin M. LANGMAIER, Felix Hemmerli und der Dialog über den Adel und den Bauern (De nobilitate et rusticitate dialogus):;1.0
/Users/programming/PycharmProjects/Find_Bibliography_NEw/data/test/langmaier-konstantin-m__18.pdf;Werner Bosshard: Krieg und Todesvorbereitung. Zürcher letztwillige Verfügungen 1428–1445;work;11;0;(?i)Bosshard.*Todesvorbereitung;wa: Aussage Nr. [9, 56, 77, 82, 87, 88]. 25 Werner BOSSHARD, Krieg und Todesvorbereitung, Zürcher letztwillige Verfügungen 1428–1445, in:;1.0
/Users/programming/PycharmProjects/Find_Bibliography_NEw/data/test/langmaier-konstantin-m__18.pdf;Werner Bosshard: Krieg und Todesvorbereitung. Zürcher letztwillige Verfügungen 1428–1445;work;11;0;(?i)Bosshard.*letztwillige Verf[uü]gungen;9, 56, 77, 82, 87, 88]. 25 Werner BOSSHARD, Krieg und Todesvorbereitung, Zürcher letztwillige Verfügungen 1428–1445, in: Ein „Bruderkrieg“;1.0
/Users/programming/PycharmProjects/Find_Bibliography_NEw/data/test/langmaier-konstantin-m__18.pdf;Werner Bosshard: Krieg und Todesvorbereitung. Zürcher letztwillige Verfügungen 1428–1445;work;11;0;(?i)Bosshard.*Todesvorbereitung;wa: Aussage Nr. [9, 56, 77, 82, 87, 88]. 25 Werner BOSSHARD, Krieg und Todesvorbereitung, Zürcher letztwillige Verfügungen 1428–1445, in:;1.0
/Users/programming/PycharmProjects/Find_Bibliography_NEw/data/test/langmaier-konstantin-m__18.pdf;Werner Bosshard: Krieg und Todesvorbereitung. Zürcher letztwillige Verfügungen 1428–1445;work;11;0;(?i)Bosshard.*letztwillige Verf[uü]gungen;9, 56, 77, 82, 87, 88]. 25 Werner BOSSHARD, Krieg und Todesvorbereitung, Zürcher letztwillige Verfügungen 1428–1445, in: Ein „Bruderkrieg“;1.0
/Users/programming/PycharmProjects/Find_Bibliography_NEw/data/test/langmaier-konstantin-m__18.pdf;Christian Sieber: Der Vater tot, das Haus verbrannt. Der Alte Zürichkrieg aus der Sicht der Opfer in Stadt und Landschaft Zürich;work;12;0;(?i)Sieber.*Vater tot.*Haus verbrannt;er edierten Zeugenprotokoll hervor. 31 Christian SIEBER, Der Vater tot, das Haus verbrannt, Der Alte Zürichkrieg aus der Sicht der Opfer;1.0
/Users/programming/PycharmProjects/Find_Bibliography_NEw/data/test/langmaier-konstantin-m__18.pdf;Christian Sieber: Der Vater tot, das Haus verbrannt. Der Alte Zürichkrieg aus der Sicht der Opfer in Stadt und Landschaft Zürich;work;12;0;(?i)Sieber.*Vater tot.*Haus verbrannt;er edierten Zeugenprotokoll hervor. 31 Christian SIEBER, Der Vater tot, das Haus verbrannt, Der Alte Zürichkrieg aus der Sicht der Opfer;1.0
/Users/programming/PycharmProjects/Find_Bibliography_NEw/data/test/langmaier-konstantin-m__18.pdf;Oliver Landolt: Das Alte Land Schwyz während des Alten Zürichkriegs;work;13;0;(?i)Oliver Landolt.*Schwyz.*Z[uü]richkrieg;S. 116 f. u. 152 f. 34 Zur Lage in Schwyz vgl. Oliver LANDOLT, Schwyz im Alten Zürichkrieg, in: Schwyzer Militär- geschichte, hg. von Erwi;1.0
/Users/programming/PycharmProjects/Find_Bibliography_NEw/data/test/langmaier-konstantin-m__18.pdf;Oliver Landolt: Das Alte Land Schwyz während des Alten Zürichkriegs;work;13;0;(?i)Oliver Landolt.*Schwyz.*Z[uü]richkrieg;S. 116 f. u. 152 f. 34 Zur Lage in Schwyz vgl. Oliver LANDOLT, Schwyz im Alten Zürichkrieg, in: Schwyzer Militär- geschichte, hg. von Erwi;1.0
/Users/programming/PycharmProjects/Find_Bibliography_NEw/data/test/langmaier-konstantin-m__18.pdf;Konstantin M. Langmaier: Felix Hemmerli und der Dialog über den Adel und den Bauern (De nobilitate et rusticitate dialogus). Seine Bedeutung für die Erforschung der Mentalität des Adels;work;20;0;(?i)Langmaier.*Felix Hemmerli;76 URZ, Bd. 6, Nr. 8951, 8956, 8957, 8958, 8960. 77 Vgl. LANGMAIER, Felix Hemmerli (wie Anm. 14). 78 Vgl. LANGMAIER, Hass (wie Anm. 72) (m;1.0
/Users/programming/PycharmProjects/Find_Bibliography_NEw/data/test/langmaier-konstantin-m__18.pdf;Konstantin M. Langmaier: Felix Hemmerli und der Dialog über den Adel und den Bauern (De nobilitate et rusticitate dialogus). Seine Bedeutung für die Erforschung der Mentalität des Adels;work;20;0;(?i)Langmaier.*Felix Hemmerli;76 URZ, Bd. 6, Nr. 8951, 8956, 8957, 8958, 8960. 77 Vgl. LANGMAIER, Felix Hemmerli (wie Anm. 14). 78 Vgl. LANGMAIER, Hass (wie Anm. 72) (m;1.0
/Users/programming/PycharmProjects/Find_Bibliography_NEw/data/test/langmaier-konstantin-m__18.pdf;Konstantin M. Langmaier: Felix Hemmerli und der Dialog über den Adel und den Bauern (De nobilitate et rusticitate dialogus). Seine Bedeutung für die Erforschung der Mentalität des Adels;work;21;0;(?i)Langmaier.*Felix Hemmerli;S. 9 ff. 81 Vgl. Aussage Nr. 10* bzw. Anm. 223. 82 Vgl. LANGMAIER, Felix Hemmerli (wie Anm. 14) bzw. DERS., Hass (wie Anm. 72) S. 649. 83;1.0
/Users/programming/PycharmProjects/Find_Bibliography_NEw/data/test/langmaier-konstantin-m__18.pdf;Konstantin M. Langmaier: Felix Hemmerli und der Dialog über den Adel und den Bauern (De nobilitate et rusticitate dialogus). Seine Bedeutung für die Erforschung der Mentalität des Adels;work;21;0;(?i)Langmaier.*Felix Hemmerli;S. 9 ff. 81 Vgl. Aussage Nr. 10* bzw. Anm. 223. 82 Vgl. LANGMAIER, Felix Hemmerli (wie Anm. 14) bzw. DERS., Hass (wie Anm. 72) S. 649. 83;1.0
/Users/programming/PycharmProjects/Find_Bibliography_NEw/data/test/langmaier-konstantin-m__18.pdf;Christian Sieber: Politik, Verwaltung und Archiv: Aufstieg und Fall der „kaiserlichen“ Stadt Zürich zwischen 1430 und 1450 im Spiegel der Biographien von Bürgermeister Rudolf Stüssi und Stadtschreiber Michael Stebler;work;24;0;(?i)Sieber.*Politik.*Verwaltung.*Archiv;Anm. 93) S. 42 ff. sowie Anm. 238. 97 Christian SIEBER, Politik, Verwaltung und Archiv: Aufstieg und Fall der „kaiserlichen“ Stadt Züric;1.0
/Users/programming/PycharmProjects/Find_Bibliography_NEw/data/test/langmaier-konstantin-m__18.pdf;Christian Sieber: Politik, Verwaltung und Archiv: Aufstieg und Fall der „kaiserlichen“ Stadt Zürich zwischen 1430 und 1450 im Spiegel der Biographien von Bürgermeister Rudolf Stüssi und Stadtschreiber Michael Stebler;work;24;0;(?i)Sieber.*Politik.*Verwaltung.*Archiv;Anm. 93) S. 42 ff. sowie Anm. 238. 97 Christian SIEBER, Politik, Verwaltung und Archiv: Aufstieg und Fall der „kaiserlichen“ Stadt Züric;1.0
/Users/programming/PycharmProjects/Find_Bibliography_NEw/data/test/langmaier-konstantin-m__18.pdf;Konstantin M. Langmaier: Das Zeugenprotokoll über die schwyzfreundliche Haltung der Fraumünsteräbtissin Anna von Hewen (ca. 1408–1484) während des Alten Zürichkrieges;work;27;0;(?i)Langmaier.*Zeugenprotokoll.*schwyzfreundliche Haltung;"37 ff. (unzureichend); Konstantin M. LANGMAIER, Das Zeugenprotokoll über die schwyzfreundliche Haltung der Fraumünsteräbtissin Anna von He";1.0
/Users/programming/PycharmProjects/Find_Bibliography_NEw/data/test/langmaier-konstantin-m__18.pdf;Konstantin M. Langmaier: Das Zeugenprotokoll über die schwyzfreundliche Haltung der Fraumünsteräbtissin Anna von Hewen (ca. 1408–1484) während des Alten Zürichkrieges;work;27;0;(?i)Langmaier.*Zeugenprotokoll.*schwyzfreundliche Haltung;"37 ff. (unzureichend); Konstantin M. LANGMAIER, Das Zeugenprotokoll über die schwyzfreundliche Haltung der Fraumünsteräbtissin Anna von He";1.0
/Users/programming/PycharmProjects/Find_Bibliography_NEw/data/test/konstantin-m-langmaier__28.pdf;Konstantin M. Langmaier: Terror in der Stadt? Innere Kriegsführung und Propaganda im Spätmittelalter. Psychologische Voraussetzungen, interne Konflikte und die Ausschaltung innerstädtischer Opposition während des Alten Zürichkrieges;work;9;0;(?i)Langmaier.*Terror in der Stadt;(Edition im Anhang dieses Aufsatzes). 31 Konstantin M. Langmaier, Terror in der Stadt? Innere Kriegsführung und Propa­ ganda im Spätmittelal;1.0
/Users/programming/PycharmProjects/Find_Bibliography_NEw/data/test/konstantin-m-langmaier__28.pdf;Konstantin M. Langmaier: Terror in der Stadt? Innere Kriegsführung und Propaganda im Spätmittelalter. Psychologische Voraussetzungen, interne Konflikte und die Ausschaltung innerstädtischer Opposition während des Alten Zürichkrieges;work;9;0;(?i)Langmaier.*Terror in der Stadt;(Edition im Anhang dieses Aufsatzes). 31 Konstantin M. Langmaier, Terror in der Stadt? Innere Kriegsführung und Propa­ ganda im Spätmittelal;1.0
/Users/programming/PycharmProjects/Find_Bibliography_NEw/data/test/konstantin-m-langmaier__28.pdf;Christian Sieber: Der Vater tot, das Haus verbrannt. Der Alte Zürichkrieg aus der Sicht der Opfer in Stadt und Landschaft Zürich;work;22;0;(?i)Sieber.*Vater tot.*Haus verbrannt;"ers, Bd. 14), Wien–Köln–Weimar 1995, S. 226 ff.; Sieber, Der Vater tot, das Haus verbrannt (wie Anm. 57), S. 66 ff. 69 Im Sinne von «sich v";1.0
/Users/programming/PycharmProjects/Find_Bibliography_NEw/data/test/konstantin-m-langmaier__28.pdf;Christian Sieber: Der Vater tot, das Haus verbrannt. Der Alte Zürichkrieg aus der Sicht der Opfer in Stadt und Landschaft Zürich;work;22;0;(?i)Sieber.*Vater tot.*Haus verbrannt;"ers, Bd. 14), Wien–Köln–Weimar 1995, S. 226 ff.; Sieber, Der Vater tot, das Haus verbrannt (wie Anm. 57), S. 66 ff. 69 Im Sinne von «sich v";1.0
/Users/programming/PycharmProjects/Find_Bibliography_NEw/data/test/konstantin-m-langmaier__28.pdf;Oliver Landolt: Das Alte Land Schwyz während des Alten Zürichkriegs;work;23;0;(?i)Landolt.*Alte Land Schwyz;"0–1447: der Mord von Greifensee, Fribourg 1975; Oliver Landolt, Das Alte Land Schwyz während des Alten Zürichkriegs, in: Ein «Bruderkrieg»";1.0
/Users/programming/PycharmProjects/Find_Bibliography_NEw/data/test/konstantin-m-langmaier__28.pdf;Oliver Landolt: Das Alte Land Schwyz während des Alten Zürichkriegs;work;23;0;(?i)Landolt.*Z[uü]richkriegs;"von Greifensee, Fribourg 1975; Oliver Landolt, Das Alte Land Schwyz während des Alten Zürichkriegs, in: Ein «Bruderkrieg» macht Geschicht";1.0
/Users/programming/PycharmProjects/Find_Bibliography_NEw/data/test/konstantin-m-langmaier__28.pdf;Oliver Landolt: Das Alte Land Schwyz während des Alten Zürichkriegs;work;23;0;(?i)Oliver Landolt.*Schwyz.*Z[uü]richkrieg;"Mord von Greifensee, Fribourg 1975; Oliver Landolt, Das Alte Land Schwyz während des Alten Zürichkriegs, in: Ein «Bruderkrieg» macht Gesch";1.0
/Users/programming/PycharmProjects/Find_Bibliography_NEw/data/test/konstantin-m-langmaier__28.pdf;Oliver Landolt: Das Alte Land Schwyz während des Alten Zürichkriegs;work;23;0;(?i)Landolt.*Alte Land Schwyz;"0–1447: der Mord von Greifensee, Fribourg 1975; Oliver Landolt, Das Alte Land Schwyz während des Alten Zürichkriegs, in: Ein «Bruderkrieg»";1.0
/Users/programming/PycharmProjects/Find_Bibliography_NEw/data/test/konstantin-m-langmaier__28.pdf;Oliver Landolt: Das Alte Land Schwyz während des Alten Zürichkriegs;work;23;0;(?i)Landolt.*Z[uü]richkriegs;"von Greifensee, Fribourg 1975; Oliver Landolt, Das Alte Land Schwyz während des Alten Zürichkriegs, in: Ein «Bruderkrieg» macht Geschicht";1.0
/Users/programming/PycharmProjects/Find_Bibliography_NEw/data/test/konstantin-m-langmaier__28.pdf;Oliver Landolt: Das Alte Land Schwyz während des Alten Zürichkriegs;work;23;0;(?i)Oliver Landolt.*Schwyz.*Z[uü]richkrieg;"Mord von Greifensee, Fribourg 1975; Oliver Landolt, Das Alte Land Schwyz während des Alten Zürichkriegs, in: Ein «Bruderkrieg» macht Gesch";1.0
/Users/programming/PycharmProjects/Find_Bibliography_NEw/data/test/speck-dieter__6.pdf;Peter Niederhäuser: Der Fürst in der Ostschweiz. Eine Teiledition des Rechnungsbuchs von Herzog Albrecht VI. von Österreich;work;14;0;(?i)Niederh[aä]user.*Teiledition;d. 1, 114. Siehe auch den folgenden Beitrag von Peter Niederhauser mit der Teiledition eines Rech- nungsbuches. Zu den Beziigen zur Grafsch;1.0
/Users/programming/PycharmProjects/Find_Bibliography_NEw/data/test/speck-dieter__6.pdf;Peter Niederhäuser: Der Fürst in der Ostschweiz. Eine Teiledition des Rechnungsbuchs von Herzog Albrecht VI. von Österreich;work;14;0;(?i)Niederh[aä]user.*Teiledition;d. 1, 114. Siehe auch den folgenden Beitrag von Peter Niederhauser mit der Teiledition eines Rech- nungsbuches. Zu den Beziigen zur Grafsch;1.0
/Users/programming/PycharmProjects/Find_Bibliography_NEw/data/test/niederhauser-peter__4.pdf;"Peter Niederhäuser: ""Guot Sorg hat man zuo Winterthur"" – Winterthur und der Alte Zürichkrieg";work;2;0;(?i)Guot Sorg.*Winterthur;«Guot Sorg hat man zuo Winterthur» Winterthur und der Alte Ziirichkrieg' Peter Niederhduser «Und in disen oberzelten kriegen [dem Alten Z;1.0
/Users/programming/PycharmProjects/Find_Bibliography_NEw/data/test/niederhauser-peter__4.pdf;"Peter Niederhäuser: ""Guot Sorg hat man zuo Winterthur"" – Winterthur und der Alte Zürichkrieg";work;2;0;(?i)Guot Sorg.*Winterthur;stanzierte Haltung auf und berichtet unter dem Titel «Guot Sorg hat man zuo Winterthur» iiber den Krieg? Die Schilderung der Ereignisse mit;1.0
/Users/programming/PycharmProjects/Find_Bibliography_NEw/data/test/niederhauser-peter__4.pdf;"Peter Niederhäuser: ""Guot Sorg hat man zuo Winterthur"" – Winterthur und der Alte Zürichkrieg";work;2;0;(?i)Guot Sorg.*Winterthur;«Guot Sorg hat man zuo Winterthur» Winterthur und der Alte Ziirichkrieg' Peter Niederhduser «Und in disen oberzelten kriegen [dem Alten Z;1.0
/Users/programming/PycharmProjects/Find_Bibliography_NEw/data/test/niederhauser-peter__4.pdf;"Peter Niederhäuser: ""Guot Sorg hat man zuo Winterthur"" – Winterthur und der Alte Zürichkrieg";work;2;0;(?i)Guot Sorg.*Winterthur;stanzierte Haltung auf und berichtet unter dem Titel «Guot Sorg hat man zuo Winterthur» iiber den Krieg? Die Schilderung der Ereignisse mit;1.0
/Users/programming/PycharmProjects/Find_Bibliography_NEw/data/test/niederhauser-peter__7.pdf;Peter Niederhäuser: Der Fürst in der Ostschweiz. Eine Teiledition des Rechnungsbuchs von Herzog Albrecht VI. von Österreich;work;2;0;(?i)Rechnungsbuch.*Albrecht VI;Der Fiirst in der Ostschweiz Eine Teiledition des Rechnungsbuchs von Herzog Albrecht VI. von Osterreich Peter Niederhduser Im Tiroler Lan;1.0
/Users/programming/PycharmProjects/Find_Bibliography_NEw/data/test/niederhauser-peter__7.pdf;Peter Niederhäuser: Der Fürst in der Ostschweiz. Eine Teiledition des Rechnungsbuchs von Herzog Albrecht VI. von Österreich;work;2;0;(?i)Rechnungsbuch.*Albrecht VI;Der Fiirst in der Ostschweiz Eine Teiledition des Rechnungsbuchs von Herzog Albrecht VI. von Osterreich Peter Niederhduser Im Tiroler Lan;1.0
/Users/programming/PycharmProjects/Find_Bibliography_NEw/data/test/niederhauser-peter__7.pdf;"Peter Niederhäuser: ""Guot Sorg hat man zuo Winterthur"" – Winterthur und der Alte Zürichkrieg";work;6;0;(?i)Niederh[aä]user.*Winterthur;uch von 1443-1445 belegt. 11 Vgl.den Beitrag von Peter Niederhauser tiber Winterthur in diesem Band. Zu beachten ist allerdings, dass der K;1.0
/Users/programming/PycharmProjects/Find_Bibliography_NEw/data/test/niederhauser-peter__7.pdf;"Peter Niederhäuser: ""Guot Sorg hat man zuo Winterthur"" – Winterthur und der Alte Zürichkrieg";work;6;0;(?i)Niederh[aä]user.*Winterthur;uch von 1443-1445 belegt. 11 Vgl.den Beitrag von Peter Niederhauser tiber Winterthur in diesem Band. Zu beachten ist allerdings, dass der K;1.0
/Users/programming/PycharmProjects/Find_Bibliography_NEw/data/test/sieber-christian__11.pdf;"Peter Niederhäuser: ""Guot Sorg hat man zuo Winterthur"" – Winterthur und der Alte Zürichkrieg";work;20;0;(?i)Niederh[aä]user.*Winterthur;n Schlacht am Stoss. Vgl. Peter Niederhauser: «Durch der herschafft willen lip und guot gewaget». Winterthur im Appenzellerkrieg, in: SVGB 1;1.0
/Users/programming/PycharmProjects/Find_Bibliography_NEw/data/test/sieber-christian__11.pdf;"Peter Niederhäuser: ""Guot Sorg hat man zuo Winterthur"" – Winterthur und der Alte Zürichkrieg";work;20;0;(?i)Niederh[aä]user.*Winterthur;n Schlacht am Stoss. Vgl. Peter Niederhauser: «Durch der herschafft willen lip und guot gewaget». Winterthur im Appenzellerkrieg, in: SVGB 1;1.0
